Q	ID	URL	Name	User
1444	2266	http://www.mimo-db.eu/InstrumentsKeywords/2266	Organ	Spinster
1444	2264	http://www.mimo-db.eu/InstrumentsKeywords/2264	Organs	Vcharles
6607	3237	http://www.mimo-db.eu/InstrumentsKeywords/3237	Guitar	Auxiliary data matcher
8338	4370	http://www.mimo-db.eu/InstrumentsKeywords/4370	Trumpets	Wittylama
8343	3827	http://www.mimo-db.eu/InstrumentsKeywords/3827	Clarinets	Spinster
8345	3832	http://www.mimo-db.eu/InstrumentsKeywords/3832	Bass clarinet	Spinster
8347	3746	http://www.mimo-db.eu/InstrumentsKeywords/3746	Bagpipe	DivadH
8374	3633	http://www.mimo-db.eu/InstrumentsKeywords/3633	Cimbalom	Wittylama
8377	4164	http://www.mimo-db.eu/InstrumentsKeywords/4164	Oboes	Spinster
8377	4232	http://www.mimo-db.eu/InstrumentsKeywords/4232	Oboe	Sadads
8380	4236	http://www.mimo-db.eu/InstrumentsKeywords/4236	Oboe d'amore	Spinster
11405	3955	http://www.mimo-db.eu/InstrumentsKeywords/3955	Flute	Wittylama
11786	5266	http://www.mimo-db.eu/InstrumentsKeywords/5266	Koncovka	Spinster
11787	3968	http://www.mimo-db.eu/InstrumentsKeywords/3968	Fujara	Spinster
39777	3031	http://www.mimo-db.eu/InstrumentsKeywords/3031	Maracas	Spinster
52954	2230	http://www.mimo-db.eu/InstrumentsKeywords/2230	Keyboard instruments	Spinster
60689	3115	http://www.mimo-db.eu/InstrumentsKeywords/3115	Banhu	Spinster
61285	3250	http://www.mimo-db.eu/InstrumentsKeywords/3250	Ukulele	Auxiliary data matcher
76239	3610	http://www.mimo-db.eu/InstrumentsKeywords/3610	Zithers	Spinster
76239	3729	http://www.mimo-db.eu/InstrumentsKeywords/3729	Zither	Spinster
79838	3732	http://www.mimo-db.eu/InstrumentsKeywords/3732	Accordion	Spinster
79838	3731	http://www.mimo-db.eu/InstrumentsKeywords/3731	Accordions	Sadads
80284	3558	http://www.mimo-db.eu/InstrumentsKeywords/3558	Violas	Spinster
81982	2251	http://www.mimo-db.eu/InstrumentsKeywords/2251	Harpsichord	Spinster
83266	5857	http://www.mimo-db.eu/InstrumentsKeywords/5857	Vuvuzela	Spinster
83489	6825	http://www.mimo-db.eu/InstrumentsKeywords/6825	Wot	Spinster
83509	4029	http://www.mimo-db.eu/InstrumentsKeywords/4029	Piccolo flute	Wittylama
93985	2469	http://www.mimo-db.eu/InstrumentsKeywords/2469	Crash cymbal	Spinster
120031	3415	http://www.mimo-db.eu/InstrumentsKeywords/3415	Qanbus	Spinster
128309	5703	http://www.mimo-db.eu/InstrumentsKeywords/5703	Drum set	Wittylama
128309	5702	http://www.mimo-db.eu/InstrumentsKeywords/5702	Drum set	Wittylama
131168	4467	http://www.mimo-db.eu/InstrumentsKeywords/4467	Tuba	Spinster
133163	2370	http://www.mimo-db.eu/InstrumentsKeywords/2370	Percussion instruments	Spinster
133506	2224	http://www.mimo-db.eu/InstrumentsKeywords/2224	Telharmonium	Spinster
133722	2382	http://www.mimo-db.eu/InstrumentsKeywords/2382	Bianzhong	Spinster
157420	4321	http://www.mimo-db.eu/InstrumentsKeywords/4321	Alto horn	Spinster
157420	4319	http://www.mimo-db.eu/InstrumentsKeywords/4319	Althorn	Wittylama
159998	3786	http://www.mimo-db.eu/InstrumentsKeywords/3786	Bassoons	Vcharles
163759	4118	http://www.mimo-db.eu/InstrumentsKeywords/4118	Horn	Spinster
163829	2321	http://www.mimo-db.eu/InstrumentsKeywords/2321	Synthesizer	Spinster
165666	3099	http://www.mimo-db.eu/InstrumentsKeywords/3099	Xylophone	Spinster
165666	3062	http://www.mimo-db.eu/InstrumentsKeywords/3062	Xylophones	Vcharles
171253	3333	http://www.mimo-db.eu/InstrumentsKeywords/3333	Chogur	Spinster
178389	3318	http://www.mimo-db.eu/InstrumentsKeywords/3318	Balalaika	Auxiliary data matcher
178812	2416	http://www.mimo-db.eu/InstrumentsKeywords/2416	Tubular bell	Spinster
178933	3154	http://www.mimo-db.eu/InstrumentsKeywords/3154	Hardanger fiddle	Spinster
181890	6074	http://www.mimo-db.eu/InstrumentsKeywords/6074	Plectrum	Spinster
182718	3193	http://www.mimo-db.eu/InstrumentsKeywords/3193	Nyckelharpa	Spinster
182999	6543	http://www.mimo-db.eu/InstrumentsKeywords/6543	Physharmonica	Wittylama
183932	2423	http://www.mimo-db.eu/InstrumentsKeywords/2423	Castanets	Spinster
183932	2420	http://www.mimo-db.eu/InstrumentsKeywords/2420	Castanets	Spinster
185003	2864	http://www.mimo-db.eu/InstrumentsKeywords/2864	Jew's harp	Wikizummo
185003	2861	http://www.mimo-db.eu/InstrumentsKeywords/2861	Jew's harps	Wikizummo
187780	4020	http://www.mimo-db.eu/InstrumentsKeywords/4020	Ocarina	Sadads
189388	4391	http://www.mimo-db.eu/InstrumentsKeywords/4391	Didjeridu	Spinster
191000	3476	http://www.mimo-db.eu/InstrumentsKeywords/3476	'Ud	Spinster
191823	2232	http://www.mimo-db.eu/InstrumentsKeywords/2232	Clavichord	Spinster
191823	2231	http://www.mimo-db.eu/InstrumentsKeywords/2231	Clavichords	Spinster
194492	2806	http://www.mimo-db.eu/InstrumentsKeywords/2806	Gamelan	Spinster
194492	2805	http://www.mimo-db.eu/InstrumentsKeywords/2805	Gamelan	Spinster
196318	4186	http://www.mimo-db.eu/InstrumentsKeywords/4186	Chirimia	Uomovariabile
200823	4299	http://www.mimo-db.eu/InstrumentsKeywords/4299	Ophicleide	Spinster
200823	4294	http://www.mimo-db.eu/InstrumentsKeywords/4294	Ophicleides	Spinster
204917	4101	http://www.mimo-db.eu/InstrumentsKeywords/4101	Whistle	Spinster
204948	2207	http://www.mimo-db.eu/InstrumentsKeywords/2207	Bow	Vcharles
205234	5648	http://www.mimo-db.eu/InstrumentsKeywords/5648	Siren	Spinster
206987	2985	http://www.mimo-db.eu/InstrumentsKeywords/2985	Vibraphone	Spinster
207821	3305	http://www.mimo-db.eu/InstrumentsKeywords/3305	Hurdy-gurdy	Spinster
207821	3304	http://www.mimo-db.eu/InstrumentsKeywords/3304	Hurdy-gurdies	Spinster
208320	2807	http://www.mimo-db.eu/InstrumentsKeywords/2807	Gongs	Vcharles
211028	2506	http://www.mimo-db.eu/InstrumentsKeywords/2506	Bass drum	Spinster
212483	2215	http://www.mimo-db.eu/InstrumentsKeywords/2215	Mellotron	Spinster
213461	2235	http://www.mimo-db.eu/InstrumentsKeywords/2235	Harmonium	Spinster
215032	3733	http://www.mimo-db.eu/InstrumentsKeywords/3733	Bandoneon	Spinster
218802	4024	http://www.mimo-db.eu/InstrumentsKeywords/4024	Panpipe	Wittylama
221769	2741	http://www.mimo-db.eu/InstrumentsKeywords/2741	Taiko	Spinster
228529	4443	http://www.mimo-db.eu/InstrumentsKeywords/4443	Slide trumpet	Spinster
229717	3838	http://www.mimo-db.eu/InstrumentsKeywords/3838	Double clarinet	Spinster
230471	4291	http://www.mimo-db.eu/InstrumentsKeywords/4291	Zurna	Uomovariabile
241337	3451	http://www.mimo-db.eu/InstrumentsKeywords/3451	Shamisen	Spinster
243998	2515	http://www.mimo-db.eu/InstrumentsKeywords/2515	Bongos	Spinster
244976	2514	http://www.mimo-db.eu/InstrumentsKeywords/2514	Bodhran	Spinster
255273	5336	http://www.mimo-db.eu/InstrumentsKeywords/5336	Repinique	Spinster
255358	3612	http://www.mimo-db.eu/InstrumentsKeywords/3612	Aeolian harp	Spinster
258681	3748	http://www.mimo-db.eu/InstrumentsKeywords/3748	Bladder pipe	Wittylama
258896	3226	http://www.mimo-db.eu/InstrumentsKeywords/3226	Banjo	Auxiliary data matcher
262414	3617	http://www.mimo-db.eu/InstrumentsKeywords/3617	Bandura	Sadads
266675	3897	http://www.mimo-db.eu/InstrumentsKeywords/3897	Bass flute	Spinster
272827	4924	http://www.mimo-db.eu/InstrumentsKeywords/4924	Cifteli	Spinster
277670	4386	http://www.mimo-db.eu/InstrumentsKeywords/4386	Carnyx	Spinster
278597	5513	http://www.mimo-db.eu/InstrumentsKeywords/5513	Kemanak	Spinster
284532	6845	http://www.mimo-db.eu/InstrumentsKeywords/6845	Byzaanchy	Spinster
289037	3668	http://www.mimo-db.eu/InstrumentsKeywords/3668	Koto	Wittylama
290688	3007	http://www.mimo-db.eu/InstrumentsKeywords/3007	Wind machine	Spinster
290951	3169	http://www.mimo-db.eu/InstrumentsKeywords/3169	Kamanche	Spinster
313053	4165	http://www.mimo-db.eu/InstrumentsKeywords/4165	Alboka	Spinster
319154	2554	http://www.mimo-db.eu/InstrumentsKeywords/2554	Darabukka	Wittylama
319154	2590	http://www.mimo-db.eu/InstrumentsKeywords/2590	Dumbelek	Wittylama
320002	2222	http://www.mimo-db.eu/InstrumentsKeywords/2222	Sampler	Spinster
322050	3245	http://www.mimo-db.eu/InstrumentsKeywords/3245	Lute-guitar	Wittylama
322675	3329	http://www.mimo-db.eu/InstrumentsKeywords/3329	Bouzouki	Wittylama
339359	3976	http://www.mimo-db.eu/InstrumentsKeywords/3976	Gemshorn	Spinster
342234	3638	http://www.mimo-db.eu/InstrumentsKeywords/3638	Dan tranh	Spinster
342244	3635	http://www.mimo-db.eu/InstrumentsKeywords/3635	Dan bau	Spinster
354765	2871	http://www.mimo-db.eu/InstrumentsKeywords/2871	Chimta	Wittylama
369445	4670	http://www.mimo-db.eu/InstrumentsKeywords/4670	Pibgorn	MistressData
370534	3322	http://www.mimo-db.eu/InstrumentsKeywords/3322	Bandurria	Auxiliary data matcher
370915	3616	http://www.mimo-db.eu/InstrumentsKeywords/3616	Autoharp	Spinster
379248	2887	http://www.mimo-db.eu/InstrumentsKeywords/2887	Kettledrum	Auxiliary data matcher
381629	2349	http://www.mimo-db.eu/InstrumentsKeywords/2349	Eunuch flute	Wittylama
382616	3875	http://www.mimo-db.eu/InstrumentsKeywords/3875	Flugelhorns	Spinster
382616	3881	http://www.mimo-db.eu/InstrumentsKeywords/3881	Flugelhorn	Wittylama
389949	3158	http://www.mimo-db.eu/InstrumentsKeywords/3158	Imzad	Wittylama
390110	4974	http://www.mimo-db.eu/InstrumentsKeywords/4974	Vibra-slap	Wittylama
395212	2373	http://www.mimo-db.eu/InstrumentsKeywords/2373	Agogo	Sadads
399597	6648	http://www.mimo-db.eu/InstrumentsKeywords/6648	Free reed instrument	Sadads
411880	5140	http://www.mimo-db.eu/InstrumentsKeywords/5140	Ajaeng	Spinster
419896	4787	http://www.mimo-db.eu/InstrumentsKeywords/4787	Guitar-zither	Sadads
425748	4215	http://www.mimo-db.eu/InstrumentsKeywords/4215	Hichiriki	Wittylama
426948	3042	http://www.mimo-db.eu/InstrumentsKeywords/3042	Sistrum	Uomovariabile
427782	5332	http://www.mimo-db.eu/InstrumentsKeywords/5332	Reco-reco	Spinster
440856	2570	http://www.mimo-db.eu/InstrumentsKeywords/2570	Dhimay	Wittylama
444037	4017	http://www.mimo-db.eu/InstrumentsKeywords/4017	Nose flute	Wittylama
445275	4342	http://www.mimo-db.eu/InstrumentsKeywords/4342	Alto saxophone	Spinster
454862	2310	http://www.mimo-db.eu/InstrumentsKeywords/2310	Tangent piano	Wittylama
457992	4969	http://www.mimo-db.eu/InstrumentsKeywords/4969	Terpodion	Spinster
468776	3332	http://www.mimo-db.eu/InstrumentsKeywords/3332	Charango	Auxiliary data matcher
490054	2220	http://www.mimo-db.eu/InstrumentsKeywords/2220	Pianoline	Auxiliary data matcher
490054	2219	http://www.mimo-db.eu/InstrumentsKeywords/2219	Ondioline	Wittylama
495529	4463	http://www.mimo-db.eu/InstrumentsKeywords/4463	Euphonium	Spinster
499387	4465	http://www.mimo-db.eu/InstrumentsKeywords/4465	Sousaphone	Spinster
516397	3365	http://www.mimo-db.eu/InstrumentsKeywords/3365	Gittern	Wittylama
518585	4380	http://www.mimo-db.eu/InstrumentsKeywords/4380	Bucium	Spinster
521151	3585	http://www.mimo-db.eu/InstrumentsKeywords/3585	Baryton	Spinster
523753	6073	http://www.mimo-db.eu/InstrumentsKeywords/6073	Mouthpiece	Sadads
524526	4055	http://www.mimo-db.eu/InstrumentsKeywords/4055	Shakuhachi	Wittylama
537750	2579	http://www.mimo-db.eu/InstrumentsKeywords/2579	Djembe	Spinster
539942	3505	http://www.mimo-db.eu/InstrumentsKeywords/3505	Phorminx	Uomovariabile
540049	3013	http://www.mimo-db.eu/InstrumentsKeywords/3013	Angklung	Wittylama
544352	3886	http://www.mimo-db.eu/InstrumentsKeywords/3886	Alto flute	Wittylama
546936	3471	http://www.mimo-db.eu/InstrumentsKeywords/3471	Tar	Spinster
583827	2599	http://www.mimo-db.eu/InstrumentsKeywords/2599	Friction drum	Wittylama
584967	3181	http://www.mimo-db.eu/InstrumentsKeywords/3181	Lira da braccio	Wittylama
585289	3249	http://www.mimo-db.eu/InstrumentsKeywords/3249	Portuguese guitar	Wittylama
585969	3254	http://www.mimo-db.eu/InstrumentsKeywords/3254	Harp-lutes / Koras	Sadads
593050	3735	http://www.mimo-db.eu/InstrumentsKeywords/3735	Concertina	Spinster
595730	3580	http://www.mimo-db.eu/InstrumentsKeywords/3580	Viola pomposa	Spinster
604538	2768	http://www.mimo-db.eu/InstrumentsKeywords/2768	Temple block	Spinster
608926	2234	http://www.mimo-db.eu/InstrumentsKeywords/2234	Harmonichord	Wittylama
615403	4026	http://www.mimo-db.eu/InstrumentsKeywords/4026	Penny whistle	Wittylama
627110	3695	http://www.mimo-db.eu/InstrumentsKeywords/3695	Surmandal	Wittylama
638182	3576	http://www.mimo-db.eu/InstrumentsKeywords/3576	Arpeggione	Spinster
639717	2226	http://www.mimo-db.eu/InstrumentsKeywords/2226	Trautonium	Spinster
645977	3386	http://www.mimo-db.eu/InstrumentsKeywords/3386	Kopuz	Spinster
646920	3829	http://www.mimo-db.eu/InstrumentsKeywords/3829	Arghul	Spinster
655142	4402	http://www.mimo-db.eu/InstrumentsKeywords/4402	Horagai	Spinster
655389	2358	http://www.mimo-db.eu/InstrumentsKeywords/2358	Crystal Baschet	Wittylama
656766	3828	http://www.mimo-db.eu/InstrumentsKeywords/3828	Alto clarinet	Spinster
659216	4310	http://www.mimo-db.eu/InstrumentsKeywords/4310	Aerophone	Spinster
664055	3188	http://www.mimo-db.eu/InstrumentsKeywords/3188	Masenqo	Spinster
665657	3335	http://www.mimo-db.eu/InstrumentsKeywords/3335	Citole	Spinster
666971	3826	http://www.mimo-db.eu/InstrumentsKeywords/3826	Bullroarer	Uomovariabile
667047	3609	http://www.mimo-db.eu/InstrumentsKeywords/3609	Violone	Wittylama
669370	3151	http://www.mimo-db.eu/InstrumentsKeywords/3151	Gusle	Spinster
677921	4258	http://www.mimo-db.eu/InstrumentsKeywords/4258	Shawm	Spinster
685663	3568	http://www.mimo-db.eu/InstrumentsKeywords/3568	Electric violin	Spinster
687406	3441	http://www.mimo-db.eu/InstrumentsKeywords/3441	Sarod	Spinster
692640	3112	http://www.mimo-db.eu/InstrumentsKeywords/3112	Octobass	Spinster
717407	3661	http://www.mimo-db.eu/InstrumentsKeywords/3661	Kayagum	Wittylama
717773	3317	http://www.mimo-db.eu/InstrumentsKeywords/3317	Baglama	Spinster
726306	3134	http://www.mimo-db.eu/InstrumentsKeywords/3134	Erhu	Spinster
730183	3601	http://www.mimo-db.eu/InstrumentsKeywords/3601	Viola alta	Spinster
733370	3706	http://www.mimo-db.eu/InstrumentsKeywords/3706	Valiha	Spinster
736874	4276	http://www.mimo-db.eu/InstrumentsKeywords/4276	Tarogato	Spinster
737520	3202	http://www.mimo-db.eu/InstrumentsKeywords/3202	Rebec	Sadads
737917	6292	http://www.mimo-db.eu/InstrumentsKeywords/6292	Duduk	Spinster
739515	4405	http://www.mimo-db.eu/InstrumentsKeywords/4405	Kakaki	Spinster
742168	4357	http://www.mimo-db.eu/InstrumentsKeywords/4357	Serpent	Spinster
742180	3608	http://www.mimo-db.eu/InstrumentsKeywords/3608	Viola d'amore	Spinster
748187	3525	http://www.mimo-db.eu/InstrumentsKeywords/3525	Berimbau	Spinster
748420	3337	http://www.mimo-db.eu/InstrumentsKeywords/3337	Colascione	Spinster
748455	2520	http://www.mimo-db.eu/InstrumentsKeywords/2520	Cajon	Uomovariabile
751884	3252	http://www.mimo-db.eu/InstrumentsKeywords/3252	Vihuela	Auxiliary data matcher
752638	4485	http://www.mimo-db.eu/InstrumentsKeywords/4485	Barrel organ	Spinster
775570	2390	http://www.mimo-db.eu/InstrumentsKeywords/2390	Cowbell	Uomovariabile
787557	4333	http://www.mimo-db.eu/InstrumentsKeywords/4333	Saxhorn	Spinster
787557	4318	http://www.mimo-db.eu/InstrumentsKeywords/4318	Saxhorns	Spinster
789141	3063	http://www.mimo-db.eu/InstrumentsKeywords/3063	Balafon	Spinster
790312	3487	http://www.mimo-db.eu/InstrumentsKeywords/3487	Barbiton	Uomovariabile
792006	3489	http://www.mimo-db.eu/InstrumentsKeywords/3489	Beganna	Spinster
804099	6795	http://www.mimo-db.eu/InstrumentsKeywords/6795	Bayan	Uomovariabile
808215	6400	http://www.mimo-db.eu/InstrumentsKeywords/6400	Bass oboe	Spinster
808218	4343	http://www.mimo-db.eu/InstrumentsKeywords/4343	Baritone saxophone	Spinster
808573	2221	http://www.mimo-db.eu/InstrumentsKeywords/2221	Sackbut	Spinster
808573	4364	http://www.mimo-db.eu/InstrumentsKeywords/4364	Sackbut (trombone)	Spinster
810515	3834	http://www.mimo-db.eu/InstrumentsKeywords/3834	Basset horn	Spinster
810551	4344	http://www.mimo-db.eu/InstrumentsKeywords/4344	Bass saxophone	Spinster
812043	4144	http://www.mimo-db.eu/InstrumentsKeywords/4144	Bawu	Spinster
829729	3325	http://www.mimo-db.eu/InstrumentsKeywords/3325	Biwa	Auxiliary data matcher
830863	6722	http://www.mimo-db.eu/InstrumentsKeywords/6722	Violino piccolo	Spinster
836224	6538	http://www.mimo-db.eu/InstrumentsKeywords/6538	Violoncello piccolo	Spinster
840920	3473	http://www.mimo-db.eu/InstrumentsKeywords/3473	Theorbo	Spinster
843271	2833	http://www.mimo-db.eu/InstrumentsKeywords/2833	Kkwaenggwari	Spinster
849052	4157	http://www.mimo-db.eu/InstrumentsKeywords/4157	Sheng	Spinster
854664	6859	http://www.mimo-db.eu/InstrumentsKeywords/6859	Gudok	Spinster
862501	2217	http://www.mimo-db.eu/InstrumentsKeywords/2217	Ondes Martenot	Spinster
863876	3747	http://www.mimo-db.eu/InstrumentsKeywords/3747	Biniou	Uomovariabile
864989	4666	http://www.mimo-db.eu/InstrumentsKeywords/4666	Birbyne	Spinster
871633	2404	http://www.mimo-db.eu/InstrumentsKeywords/2404	Handbell	Spinster
877239	3713	http://www.mimo-db.eu/InstrumentsKeywords/3713	Yangqin	Spinster
890870	3309	http://www.mimo-db.eu/InstrumentsKeywords/3309	Organistrum	Spinster
892076	2808	http://www.mimo-db.eu/InstrumentsKeywords/2808	Bonang	Auxiliary data matcher
893187	3906	http://www.mimo-db.eu/InstrumentsKeywords/3906	Boatswain's call	Wittylama
901239	3808	http://www.mimo-db.eu/InstrumentsKeywords/3808	Sarrusophone	Spinster
902984	4468	http://www.mimo-db.eu/InstrumentsKeywords/4468	Wagner tuba	Spinster
904646	3678	http://www.mimo-db.eu/InstrumentsKeywords/3678	Qanun	MistressData
908562	4977	http://www.mimo-db.eu/InstrumentsKeywords/4977	Vocoder	Sadads
911038	3806	http://www.mimo-db.eu/InstrumentsKeywords/3806	Dulcian	Wittylama
918236	5770	http://www.mimo-db.eu/InstrumentsKeywords/5770	Water organ	Spinster
922001	3223	http://www.mimo-db.eu/InstrumentsKeywords/3223	Zhonghu	Spinster
925985	4642	http://www.mimo-db.eu/InstrumentsKeywords/4642	Heligonka	Spinster
930342	6827	http://www.mimo-db.eu/InstrumentsKeywords/6827	Rainstick	Spinster
930367	4189	http://www.mimo-db.eu/InstrumentsKeywords/4189	Crumhorn	Spinster
934675	3496	http://www.mimo-db.eu/InstrumentsKeywords/3496	Kissar	Spinster
936590	2573	http://www.mimo-db.eu/InstrumentsKeywords/2573	Dholak	Wittylama
936762	2912	http://www.mimo-db.eu/InstrumentsKeywords/2912	Lamellaphones	Auxiliary data matcher
941492	6715	http://www.mimo-db.eu/InstrumentsKeywords/6715	Domra	Spinster
944501	3239	http://www.mimo-db.eu/InstrumentsKeywords/3239	Harp-guitar	Auxiliary data matcher
946304	4436	http://www.mimo-db.eu/InstrumentsKeywords/4436	Salpinx	Uomovariabile
949708	4218	http://www.mimo-db.eu/InstrumentsKeywords/4218	Hnè	Sadads
953846	2369	http://www.mimo-db.eu/InstrumentsKeywords/2369	Nail violin	Spinster
976650	6921	http://www.mimo-db.eu/InstrumentsKeywords/6921	Orutu	Spinster
980383	3460	http://www.mimo-db.eu/InstrumentsKeywords/3460	Surbahar	Spinster
987843	3350	http://www.mimo-db.eu/InstrumentsKeywords/3350	Dan ty ba	Spinster
1002233	4753	http://www.mimo-db.eu/InstrumentsKeywords/4753	Bugarija	Spinster
1021853	6524	http://www.mimo-db.eu/InstrumentsKeywords/6524	Qinqin	Spinster
1024685	6634	http://www.mimo-db.eu/InstrumentsKeywords/6634	Cabaca	Wittylama
1024962	3753	http://www.mimo-db.eu/InstrumentsKeywords/3753	Cabrette	Spinster
1044408	3677	http://www.mimo-db.eu/InstrumentsKeywords/3677	Psaltery	Spinster
1051805	3232	http://www.mimo-db.eu/InstrumentsKeywords/3232	Cavaquinho	Spinster
1053287	6712	http://www.mimo-db.eu/InstrumentsKeywords/6712	Cembalet	Spinster
1059131	3981	http://www.mimo-db.eu/InstrumentsKeywords/3981	Kagurabue	Spinster
1060334	4184	http://www.mimo-db.eu/InstrumentsKeywords/4184	Chalumeau	Wittylama
1062015	2524	http://www.mimo-db.eu/InstrumentsKeywords/2524	Changgo	Spinster
1078965	3143	http://www.mimo-db.eu/InstrumentsKeywords/3143	Gadulka	Spinster
1082843	4635	http://www.mimo-db.eu/InstrumentsKeywords/4635	Trutruka	Spinster
1093290	3106	http://www.mimo-db.eu/InstrumentsKeywords/3106	Cittern	Spinster
1093290	3102	http://www.mimo-db.eu/InstrumentsKeywords/3102	Citterns	Sadads
1095084	3519	http://www.mimo-db.eu/InstrumentsKeywords/3519	Trumpet marine	Spinster
1114297	4377	http://www.mimo-db.eu/InstrumentsKeywords/4377	Bass trumpet	Spinster
1118321	2488	http://www.mimo-db.eu/InstrumentsKeywords/2488	Sizzle cymbal	Spinster
1124382	4193	http://www.mimo-db.eu/InstrumentsKeywords/4193	Diple	Spinster
1124573	2240	http://www.mimo-db.eu/InstrumentsKeywords/2240	Arpicordo	Spinster
1128412	4221	http://www.mimo-db.eu/InstrumentsKeywords/4221	Ken bau	Spinster
1128612	4658	http://www.mimo-db.eu/InstrumentsKeywords/4658	Tsambouna	Spinster
1129422	5759	http://www.mimo-db.eu/InstrumentsKeywords/5759	Morin khuur	Spinster
1134958	4022	http://www.mimo-db.eu/InstrumentsKeywords/4022	Paixiao	Spinster
1136507	2281	http://www.mimo-db.eu/InstrumentsKeywords/2281	Electric piano	Spinster
1136653	3518	http://www.mimo-db.eu/InstrumentsKeywords/3518	Monochord	Spinster
1136653	3516	http://www.mimo-db.eu/InstrumentsKeywords/3516	Monochords	Spinster
1140792	5903	http://www.mimo-db.eu/InstrumentsKeywords/5903	Croix sonore	Spinster
1141589	2470	http://www.mimo-db.eu/InstrumentsKeywords/2470	Crotales	Spinster
1144761	2368	http://www.mimo-db.eu/InstrumentsKeywords/2368	Musical saw	Spinster
1149847	2250	http://www.mimo-db.eu/InstrumentsKeywords/2250	Electric harpsichord	Spinster
1164356	4582	http://www.mimo-db.eu/InstrumentsKeywords/4582	Erkencho	Spinster
1165766	2971	http://www.mimo-db.eu/InstrumentsKeywords/2971	Metallophone	Spinster
1165850	5349	http://www.mimo-db.eu/InstrumentsKeywords/5349	Semsemiya	Spinster
1178361	2572	http://www.mimo-db.eu/InstrumentsKeywords/2572	Dhol	Uomovariabile
1195473	2999	http://www.mimo-db.eu/InstrumentsKeywords/2999	Semantron	Spinster
1196937	2769	http://www.mimo-db.eu/InstrumentsKeywords/2769	Tenor drum	Spinster
1233386	2361	http://www.mimo-db.eu/InstrumentsKeywords/2361	Jaltarang	Spinster
1243782	3588	http://www.mimo-db.eu/InstrumentsKeywords/3588	Quinton	Spinster
1247912	3848	http://www.mimo-db.eu/InstrumentsKeywords/3848	Mijwiz	Spinster
1249186	2632	http://www.mimo-db.eu/InstrumentsKeywords/2632	Idakka	Spinster
1255518	3156	http://www.mimo-db.eu/InstrumentsKeywords/3156	Huqin	Spinster
1264755	4932	http://www.mimo-db.eu/InstrumentsKeywords/4932	Dulcitone	Wittylama
1264870	4194	http://www.mimo-db.eu/InstrumentsKeywords/4194	Dolzaina	Spinster
1265690	4393	http://www.mimo-db.eu/InstrumentsKeywords/4393	Dung-chen	Spinster
1283177	2598	http://www.mimo-db.eu/InstrumentsKeywords/2598	Frame drum	Spinster
1327327	2319	http://www.mimo-db.eu/InstrumentsKeywords/2319	Electronic organ	Spinster
1328415	4285	http://www.mimo-db.eu/InstrumentsKeywords/4285	Tenora	Spinster
1328494	3699	http://www.mimo-db.eu/InstrumentsKeywords/3699	Tonkori	Spinster
1340475	3132	http://www.mimo-db.eu/InstrumentsKeywords/3132	Endingidi	Spinster
1363679	3139	http://www.mimo-db.eu/InstrumentsKeywords/3139	Erxian	Spinster
1370147	3482	http://www.mimo-db.eu/InstrumentsKeywords/3482	Yueqin	Spinster
1394795	4103	http://www.mimo-db.eu/InstrumentsKeywords/4103	Xiao	Sadads
1414882	2877	http://www.mimo-db.eu/InstrumentsKeywords/2877	Turkish crescent	Spinster
1414932	4349	http://www.mimo-db.eu/InstrumentsKeywords/4349	Tenor saxophone	Spinster
1414941	6321	http://www.mimo-db.eu/InstrumentsKeywords/6321	Rin-no-tama	Wittylama
1426827	2990	http://www.mimo-db.eu/InstrumentsKeywords/2990	Flexatone	Spinster
1435054	4408	http://www.mimo-db.eu/InstrumentsKeywords/4408	Keyed trumpet	Spinster
1437981	4675	http://www.mimo-db.eu/InstrumentsKeywords/4675	Zhaleyka	Spinster
1445673	3960	http://www.mimo-db.eu/InstrumentsKeywords/3960	Flûte d'amour	Spinster
1463985	4347	http://www.mimo-db.eu/InstrumentsKeywords/4347	Soprano saxophone	Spinster
1467960	2939	http://www.mimo-db.eu/InstrumentsKeywords/2939	Mbira	Spinster
1474853	3863	http://www.mimo-db.eu/InstrumentsKeywords/3863	Mellophone	Spinster
1494360	4640	http://www.mimo-db.eu/InstrumentsKeywords/4640	Garmoshka	Uomovariabile
1512133	2291	http://www.mimo-db.eu/InstrumentsKeywords/2291	Pianet	Spinster
1515888	6684	http://www.mimo-db.eu/InstrumentsKeywords/6684	Roto-toms	Spinster
1532595	2704	http://www.mimo-db.eu/InstrumentsKeywords/2704	Pambai	Spinster
1540173	5280	http://www.mimo-db.eu/InstrumentsKeywords/5280	Lesiba	Spinster
1543785	3845	http://www.mimo-db.eu/InstrumentsKeywords/3845	Launeddas	Spinster
1544746	3444	http://www.mimo-db.eu/InstrumentsKeywords/3444	Setar	Spinster
1548038	3979	http://www.mimo-db.eu/InstrumentsKeywords/3979	Great bass recorder	Spinster
1554184	3238	http://www.mimo-db.eu/InstrumentsKeywords/3238	Guitarron	Auxiliary data matcher
1557633	2320	http://www.mimo-db.eu/InstrumentsKeywords/2320	Synclavier	Spinster
1562149	5410	http://www.mimo-db.eu/InstrumentsKeywords/5410	Taphon	Spinster
1571002	4214	http://www.mimo-db.eu/InstrumentsKeywords/4214	Heckelphone	Spinster
1572629	4937	http://www.mimo-db.eu/InstrumentsKeywords/4937	Igil	Spinster
1585780	5515	http://www.mimo-db.eu/InstrumentsKeywords/5515	Sasando	Spinster
1588132	5229	http://www.mimo-db.eu/InstrumentsKeywords/5229	Hasapi	Spinster
1630744	3538	http://www.mimo-db.eu/InstrumentsKeywords/3538	Musical bow	Spinster
1630744	3521	http://www.mimo-db.eu/InstrumentsKeywords/3521	Musical bows	Spinster
1633881	3316	http://www.mimo-db.eu/InstrumentsKeywords/3316	Archlute	Spinster
1660902	3656	http://www.mimo-db.eu/InstrumentsKeywords/3656	Inanga	Wittylama
1662735	4419	http://www.mimo-db.eu/InstrumentsKeywords/4419	Natural trumpet	Spinster
1678302	4138	http://www.mimo-db.eu/InstrumentsKeywords/4138	Hunting horn	Spinster
1678703	4488	http://www.mimo-db.eu/InstrumentsKeywords/4488	Fairground organ	Spinster
1679135	4776	http://www.mimo-db.eu/InstrumentsKeywords/4776	Midwinterhoorn	Wittylama
1703491	7034	http://www.mimo-db.eu/InstrumentsKeywords/7034	N'goni	Spinster
1704079	2952	http://www.mimo-db.eu/InstrumentsKeywords/2952	Lithophone	Spinster
1704079	2949	http://www.mimo-db.eu/InstrumentsKeywords/2949	Lithophones	Spinster
1724468	4558	http://www.mimo-db.eu/InstrumentsKeywords/4558	Practice chanter	Spinster
1743465	2656	http://www.mimo-db.eu/InstrumentsKeywords/2656	Kiringi	Spinster
1744337	2950	http://www.mimo-db.eu/InstrumentsKeywords/2950	Bianqing	Spinster
1746064	2244	http://www.mimo-db.eu/InstrumentsKeywords/2244	Clavicytherium	Spinster
1751598	5370	http://www.mimo-db.eu/InstrumentsKeywords/5370	Tamborim	Spinster
1751664	3406	http://www.mimo-db.eu/InstrumentsKeywords/3406	Orpharion	Spinster
1756773	3966	http://www.mimo-db.eu/InstrumentsKeywords/3966	Fue	Wikizummo
1757829	4126	http://www.mimo-db.eu/InstrumentsKeywords/4126	Natural horn	Spinster
1760249	4042	http://www.mimo-db.eu/InstrumentsKeywords/4042	Ryuteki	Spinster
1760274	4233	http://www.mimo-db.eu/InstrumentsKeywords/4233	Oboe da caccia	Spinster
1764519	4952	http://www.mimo-db.eu/InstrumentsKeywords/4952	Phin	Spinster
1798603	3101	http://www.mimo-db.eu/InstrumentsKeywords/3101	Stringed instruments	Spinster
1802897	6510	http://www.mimo-db.eu/InstrumentsKeywords/6510	Czakan	Sadads
1806700	2267	http://www.mimo-db.eu/InstrumentsKeywords/2267	Portative organ	Spinster
1808761	4496	http://www.mimo-db.eu/InstrumentsKeywords/4496	Panharmonicon	Spinster
1812862	3107	http://www.mimo-db.eu/InstrumentsKeywords/3107	English guitar	Spinster
1818477	4239	http://www.mimo-db.eu/InstrumentsKeywords/4239	Piffaro	Spinster
1818847	3140	http://www.mimo-db.eu/InstrumentsKeywords/3140	Esraj	Spinster
1823485	6036	http://www.mimo-db.eu/InstrumentsKeywords/6036	Kacapi	Spinster
1823485	3658	http://www.mimo-db.eu/InstrumentsKeywords/3658	Kacapi	Spinster
1860805	3436	http://www.mimo-db.eu/InstrumentsKeywords/3436	Sanxian	Spinster
1879241	3940	http://www.mimo-db.eu/InstrumentsKeywords/3940	End-blown flute	Spinster
1889070	3511	http://www.mimo-db.eu/InstrumentsKeywords/3511	Mandoloncello	Wittylama
1901997	4713	http://www.mimo-db.eu/InstrumentsKeywords/4713	Flaviol	Spinster
1905735	6723	http://www.mimo-db.eu/InstrumentsKeywords/6723	Martinstrompete	Wittylama
1930186	2268	http://www.mimo-db.eu/InstrumentsKeywords/2268	Positive organ	Spinster
1956258	3676	http://www.mimo-db.eu/InstrumentsKeywords/3676	Mvet	Spinster
1986655	4725	http://www.mimo-db.eu/InstrumentsKeywords/4725	Shvi	Spinster
1999077	4831	http://www.mimo-db.eu/InstrumentsKeywords/4831	Telenka	Spinster
2037451	4086	http://www.mimo-db.eu/InstrumentsKeywords/4086	Tenor recorder	Spinster
2046658	2703	http://www.mimo-db.eu/InstrumentsKeywords/2703	Pakhavaj	Spinster
2066397	6273	http://www.mimo-db.eu/InstrumentsKeywords/6273	Ching	Spinster
2132068	3012	http://www.mimo-db.eu/InstrumentsKeywords/3012	Rattles	Spinster
2132068	3036	http://www.mimo-db.eu/InstrumentsKeywords/3036	Rattle	Sadads
2145031	3613	http://www.mimo-db.eu/InstrumentsKeywords/3613	Appalachian dulcimer	Spinster
2164192	6528	http://www.mimo-db.eu/InstrumentsKeywords/6528	Great Highland bagpipe	Spinster
2216785	3336	http://www.mimo-db.eu/InstrumentsKeywords/3336	Cobza	Spinster
2228469	4334	http://www.mimo-db.eu/InstrumentsKeywords/4334	Saxotromba	Spinster
2228699	2434	http://www.mimo-db.eu/InstrumentsKeywords/2434	Scabellum	Spinster
2297117	3233	http://www.mimo-db.eu/InstrumentsKeywords/3233	Chitarra battente	Spinster
2305258	3775	http://www.mimo-db.eu/InstrumentsKeywords/3775	Tulum	Uomovariabile
2312868	2399	http://www.mimo-db.eu/InstrumentsKeywords/2399	Dotaku	Spinster
2365138	2254	http://www.mimo-db.eu/InstrumentsKeywords/2254	Muselar	Spinster
2383880	2419	http://www.mimo-db.eu/InstrumentsKeywords/2419	Washint	Spinster
2383880	6809	http://www.mimo-db.eu/InstrumentsKeywords/6809	Washint	Spinster
2405825	6835	http://www.mimo-db.eu/InstrumentsKeywords/6835	Tautirut	Spinster
2407046	6632	http://www.mimo-db.eu/InstrumentsKeywords/6632	Bladder fiddle	Spinster
2510552	2892	http://www.mimo-db.eu/InstrumentsKeywords/2892	Nagara	Spinster
2551648	5692	http://www.mimo-db.eu/InstrumentsKeywords/5692	Water drum	Spinster
2574301	4589	http://www.mimo-db.eu/InstrumentsKeywords/4589	Teponaztli	Spinster
2586606	2425	http://www.mimo-db.eu/InstrumentsKeywords/2425	Bones	Spinster
2624504	6539	http://www.mimo-db.eu/InstrumentsKeywords/6539	Scheitholt	Spinster
2625622	4072	http://www.mimo-db.eu/InstrumentsKeywords/4072	Sopranino recorder	Spinster
2646434	4168	http://www.mimo-db.eu/InstrumentsKeywords/4168	Algaita	Spinster
2732859	4644	http://www.mimo-db.eu/InstrumentsKeywords/4644	Bodega	Uomovariabile
2744331	4794	http://www.mimo-db.eu/InstrumentsKeywords/4794	Langeleik	Spinster
2909502	3269	http://www.mimo-db.eu/InstrumentsKeywords/3269	Bolon	Spinster
2995990	4461	http://www.mimo-db.eu/InstrumentsKeywords/4461	Contrabass bugle	Wittylama
2997443	4075	http://www.mimo-db.eu/InstrumentsKeywords/4075	Suling	Spinster
3009831	3734	http://www.mimo-db.eu/InstrumentsKeywords/3734	Cecilium	Wittylama
3018875	3930	http://www.mimo-db.eu/InstrumentsKeywords/3930	Double flute	Spinster
3049642	3360	http://www.mimo-db.eu/InstrumentsKeywords/3360	Ekonting	Spinster
3100072	4060	http://www.mimo-db.eu/InstrumentsKeywords/4060	Shinobue	Spinster
3111551	3434	http://www.mimo-db.eu/InstrumentsKeywords/3434	Ruan	Spinster
3177916	6546	http://www.mimo-db.eu/InstrumentsKeywords/6546	Keyboard glockenspiel	Spinster
3193614	2429	http://www.mimo-db.eu/InstrumentsKeywords/2429	Khartal	Spinster
3285530	3397	http://www.mimo-db.eu/InstrumentsKeywords/3397	Mandole	Spinster
3299336	2670	http://www.mimo-db.eu/InstrumentsKeywords/2670	Mazhar	Wittylama
3327567	6675	http://www.mimo-db.eu/InstrumentsKeywords/6675	Mukkuri	Spinster
3339215	3769	http://www.mimo-db.eu/InstrumentsKeywords/3769	Ney-e anban	Uomovariabile
3353648	3898	http://www.mimo-db.eu/InstrumentsKeywords/3898	Bass recorder	Spinster
3424319	3466	http://www.mimo-db.eu/InstrumentsKeywords/3466	Tanbur	Wittylama
3429366	6308	http://www.mimo-db.eu/InstrumentsKeywords/6308	Lali	Spinster
3435701	3061	http://www.mimo-db.eu/InstrumentsKeywords/3061	Yu	Spinster
3476416	3058	http://www.mimo-db.eu/InstrumentsKeywords/3058	Scraper	Spinster
3482784	2844	http://www.mimo-db.eu/InstrumentsKeywords/2844	Shoko	Spinster
3491104	4069	http://www.mimo-db.eu/InstrumentsKeywords/4069	Sopilka	Spinster
3522389	2775	http://www.mimo-db.eu/InstrumentsKeywords/2775	Timila	Spinster
3545453	3512	http://www.mimo-db.eu/InstrumentsKeywords/3512	Mandore	Sadads
3556433	3781	http://www.mimo-db.eu/InstrumentsKeywords/3781	Veuze	Spinster
3560503	5390	http://www.mimo-db.eu/InstrumentsKeywords/5390	Viola de cocho	Spinster
3575408	3724	http://www.mimo-db.eu/InstrumentsKeywords/3724	Zheng	Spinster
3605859	3522	http://www.mimo-db.eu/InstrumentsKeywords/3522	Adungu	Spinster
3675195	3247	http://www.mimo-db.eu/InstrumentsKeywords/3247	Lyre guitar	Wittylama
3869301	6919	http://www.mimo-db.eu/InstrumentsKeywords/6919	Njarka	Sadads
3901246	3772	http://www.mimo-db.eu/InstrumentsKeywords/3772	Phagotum	Spinster
3976676	4337	http://www.mimo-db.eu/InstrumentsKeywords/4337	Sudrophone	Wittylama
4024964	4109	http://www.mimo-db.eu/InstrumentsKeywords/4109	Zuffolo	Spinster
4217223	4155	http://www.mimo-db.eu/InstrumentsKeywords/4155	Saenghwang	Spinster
4222986	3837	http://www.mimo-db.eu/InstrumentsKeywords/3837	Clarinette d'amour	Spinster
4260715	5504	http://www.mimo-db.eu/InstrumentsKeywords/5504	Slentem	Spinster
4345357	4652	http://www.mimo-db.eu/InstrumentsKeywords/4652	Parkapzuk	Uomovariabile
4410796	4078	http://www.mimo-db.eu/InstrumentsKeywords/4078	Svirel	Spinster
4516010	4647	http://www.mimo-db.eu/InstrumentsKeywords/4647	Cimpoi	Spinster
4518086	6846	http://www.mimo-db.eu/InstrumentsKeywords/6846	Chuniri	Spinster
4667250	3088	http://www.mimo-db.eu/InstrumentsKeywords/3088	Ranat	Spinster
4701390	4784	http://www.mimo-db.eu/InstrumentsKeywords/4784	Akkordolia	Spinster
4739172	4374	http://www.mimo-db.eu/InstrumentsKeywords/4374	Amakondere	Spinster
4784605	5144	http://www.mimo-db.eu/InstrumentsKeywords/5144	Arbajo	Spinster
4837771	5421	http://www.mimo-db.eu/InstrumentsKeywords/5421	Babendil	Spinster
4863335	2504	http://www.mimo-db.eu/InstrumentsKeywords/2504	Barrel drum	Spinster
4951628	5531	http://www.mimo-db.eu/InstrumentsKeywords/5531	Box zither	Spinster
4982421	4378	http://www.mimo-db.eu/InstrumentsKeywords/4378	Buccin	Spinster
5065645	3105	http://www.mimo-db.eu/InstrumentsKeywords/3105	Ceterone	Spinster
5099329	2966	http://www.mimo-db.eu/InstrumentsKeywords/2966	Chime bar	Spinster
5104748	6828	http://www.mimo-db.eu/InstrumentsKeywords/6828	Choor	Spinster
5129638	6642	http://www.mimo-db.eu/InstrumentsKeywords/6642	Claviola	Spinster
5199281	2532	http://www.mimo-db.eu/InstrumentsKeywords/2532	Cylindrical drum	Spinster
5211919	2884	http://www.mimo-db.eu/InstrumentsKeywords/2884	Damaha	Spinster
5252609	4939	http://www.mimo-db.eu/InstrumentsKeywords/4939	Karinding	Spinster
5280486	6686	http://www.mimo-db.eu/InstrumentsKeywords/6686	Struck idiophone	Spinster
5312527	4859	http://www.mimo-db.eu/InstrumentsKeywords/4859	Duggi	Spinster
5317831	4708	http://www.mimo-db.eu/InstrumentsKeywords/4708	Dvoyanka	Spinster
5321271	4648	http://www.mimo-db.eu/InstrumentsKeywords/4648	Duda	Uomovariabile
5375216	3280	http://www.mimo-db.eu/InstrumentsKeywords/3280	Ennanga	Spinster
5410385	2282	http://www.mimo-db.eu/InstrumentsKeywords/2282	Euphonicon	Spinster
5462363	4714	http://www.mimo-db.eu/InstrumentsKeywords/4714	Floyara	Spinster
5503427	4838	http://www.mimo-db.eu/InstrumentsKeywords/4838	Friction idiophone	Spinster
5515287	5205	http://www.mimo-db.eu/InstrumentsKeywords/5205	Gabbang	Spinster
5533138	2863	http://www.mimo-db.eu/InstrumentsKeywords/2863	Genggong	Spinster
5555619	2403	http://www.mimo-db.eu/InstrumentsKeywords/2403	Ghanta	Spinster
5567145	2359	http://www.mimo-db.eu/InstrumentsKeywords/2359	Glasschord	Spinster
5851173	5311	http://www.mimo-db.eu/InstrumentsKeywords/5311	Pat waing	Spinster
5913432	2617	http://www.mimo-db.eu/InstrumentsKeywords/2617	Hourglass drum	Spinster
5936422	6861	http://www.mimo-db.eu/InstrumentsKeywords/6861	Huluhu	Spinster
5953170	3911	http://www.mimo-db.eu/InstrumentsKeywords/3911	Chi	Spinster
5960459	2430	http://www.mimo-db.eu/InstrumentsKeywords/2430	Paiban	Spinster
5995811	2916	http://www.mimo-db.eu/InstrumentsKeywords/2916	Ikembe	Spinster
6149665	4041	http://www.mimo-db.eu/InstrumentsKeywords/4041	Rondador	Spinster
6321200	3777	http://www.mimo-db.eu/InstrumentsKeywords/3777	Txistu	Spinster
6322455	6138	http://www.mimo-db.eu/InstrumentsKeywords/6138	Klong put	Wittylama
6387169	2827	http://www.mimo-db.eu/InstrumentsKeywords/2827	Kempul	Spinster
6391285	2828	http://www.mimo-db.eu/InstrumentsKeywords/2828	Kenong	Spinster
6401851	3986	http://www.mimo-db.eu/InstrumentsKeywords/3986	Khlui	Spinster
6427274	4942	http://www.mimo-db.eu/InstrumentsKeywords/4942	Kolitong	Spinster
6502879	5484	http://www.mimo-db.eu/InstrumentsKeywords/5484	Lavta	Uomovariabile
6682188	3214	http://www.mimo-db.eu/InstrumentsKeywords/3214	So duang	Spinster
6732512	6910	http://www.mimo-db.eu/InstrumentsKeywords/6910	Maguhu	Spinster
6956736	5294	http://www.mimo-db.eu/InstrumentsKeywords/5294	Nabal	Sadads
7022514	2682	http://www.mimo-db.eu/InstrumentsKeywords/2682	Ngoma	Spinster
7090791	4021	http://www.mimo-db.eu/InstrumentsKeywords/4021	Omubanda	Spinster
7110008	4883	http://www.mimo-db.eu/InstrumentsKeywords/4883	Ottu	Sadads
7127046	6822	http://www.mimo-db.eu/InstrumentsKeywords/6822	Paldong	Spinster
7127113	6823	http://www.mimo-db.eu/InstrumentsKeywords/6823	Palendag	Spinster
7205219	4836	http://www.mimo-db.eu/InstrumentsKeywords/4836	Plucked idiophone	Spinster
7361386	2479	http://www.mimo-db.eu/InstrumentsKeywords/2479	Rol-mo	Spinster
7418340	2482	http://www.mimo-db.eu/InstrumentsKeywords/2482	Sanj	Sadads
7636250	5362	http://www.mimo-db.eu/InstrumentsKeywords/5362	Sulibao	Spinster
7679165	2846	http://www.mimo-db.eu/InstrumentsKeywords/2846	Talempong	Spinster
7700567	3559	http://www.mimo-db.eu/InstrumentsKeywords/3559	Tenor violin	Spinster
7813451	2442	http://www.mimo-db.eu/InstrumentsKeywords/2442	Toka	Spinster
7844791	5389	http://www.mimo-db.eu/InstrumentsKeywords/5389	Tro u	Spinster
7849269	2779	http://www.mimo-db.eu/InstrumentsKeywords/2779	Trong chau	Spinster
7849271	6327	http://www.mimo-db.eu/InstrumentsKeywords/6327	Trong cai	Spinster
7849273	2780	http://www.mimo-db.eu/InstrumentsKeywords/2780	Trong com	Spinster
7850717	2984	http://www.mimo-db.eu/InstrumentsKeywords/2984	Tubaphone	Spinster
7997355	2649	http://www.mimo-db.eu/InstrumentsKeywords/2649	Kanjira	Spinster
8015157	2977	http://www.mimo-db.eu/InstrumentsKeywords/2977	Slento	Spinster
8050609	4988	http://www.mimo-db.eu/InstrumentsKeywords/4988	Yazheng	Spinster
8069980	6833	http://www.mimo-db.eu/InstrumentsKeywords/6833	Zeze	Wittylama
8070483	2804	http://www.mimo-db.eu/InstrumentsKeywords/2804	Zhangu	Spinster
8075090	3784	http://www.mimo-db.eu/InstrumentsKeywords/3784	Zukra	Spinster
8079915	3126	http://www.mimo-db.eu/InstrumentsKeywords/3126	Dan gao	Spinster
8079920	3347	http://www.mimo-db.eu/InstrumentsKeywords/3347	Dan tam	Spinster
8079924	3343	http://www.mimo-db.eu/InstrumentsKeywords/3343	Dan nguyet	Spinster
9097454	4699	http://www.mimo-db.eu/InstrumentsKeywords/4699	Zambomba	Uomovariabile
10840437	3340	http://www.mimo-db.eu/InstrumentsKeywords/3340	Dan day	Spinster
10862199	4636	http://www.mimo-db.eu/InstrumentsKeywords/4636	Zampona	Spinster
10892404	2497	http://www.mimo-db.eu/InstrumentsKeywords/2497	Bajiao gu	Spinster
11853199	4832	http://www.mimo-db.eu/InstrumentsKeywords/4832	Vessel flute	Spinster
12286601	4493	http://www.mimo-db.eu/InstrumentsKeywords/4493	Mechanical organ	Spinster
12634515	4940	http://www.mimo-db.eu/InstrumentsKeywords/4940	Kithara	Spinster
12863848	4680	http://www.mimo-db.eu/InstrumentsKeywords/4680	Diplipito	Spinster
13026720	2772	http://www.mimo-db.eu/InstrumentsKeywords/2772	Thon	Spinster
13096799	2973	http://www.mimo-db.eu/InstrumentsKeywords/2973	Saron barung	Wittylama
13194854	4362	http://www.mimo-db.eu/InstrumentsKeywords/4362	Bass trombone	Spinster
13219842	2612	http://www.mimo-db.eu/InstrumentsKeywords/2612	Goblet drum	Spinster
15069864	6918	http://www.mimo-db.eu/InstrumentsKeywords/6918	Niutuiqin	Spinster
15141691	4665	http://www.mimo-db.eu/InstrumentsKeywords/4665	Troccola	Spinster
15294559	4204	http://www.mimo-db.eu/InstrumentsKeywords/4204	Gralla	Wittylama
15614634	2641	http://www.mimo-db.eu/InstrumentsKeywords/2641	Kakko	Spinster
15791824	6625	http://www.mimo-db.eu/InstrumentsKeywords/6625	Alto recorder	Spinster
15849628	4161	http://www.mimo-db.eu/InstrumentsKeywords/4161	Sumpotan	Spinster
15852398	3092	http://www.mimo-db.eu/InstrumentsKeywords/3092	Valimba	Wittylama
16033036	2710	http://www.mimo-db.eu/InstrumentsKeywords/2710	Rammana	Spinster
16621929	3566	http://www.mimo-db.eu/InstrumentsKeywords/3566	Cane violin	Wittylama
16875637	4093	http://www.mimo-db.eu/InstrumentsKeywords/4093	Transverse flute	Spinster
16911842	5350	http://www.mimo-db.eu/InstrumentsKeywords/5350	Seperewa	Spinster
16950185	3319	http://www.mimo-db.eu/InstrumentsKeywords/3319	Bandora	Auxiliary data matcher
16961297	6526	http://www.mimo-db.eu/InstrumentsKeywords/6526	Chemnitzer concertina	Spinster
16979582	4651	http://www.mimo-db.eu/InstrumentsKeywords/4651	Muchosa	Uomovariabile
17057067	2714	http://www.mimo-db.eu/InstrumentsKeywords/2714	Riqq	Spinster
17074660	3649	http://www.mimo-db.eu/InstrumentsKeywords/3649	Epinette des Vosges	Wikizummo
17082043	3810	http://www.mimo-db.eu/InstrumentsKeywords/3810	Sordun	Wittylama
17099062	4732	http://www.mimo-db.eu/InstrumentsKeywords/4732	Stabule	Sadads
18161788	5435	http://www.mimo-db.eu/InstrumentsKeywords/5435	Larchemi	Spinster
18639200	6527	http://www.mimo-db.eu/InstrumentsKeywords/6527	English concertina	Spinster
19570877	3267	http://www.mimo-db.eu/InstrumentsKeywords/3267	Ardin	Spinster
19826868	5326	http://www.mimo-db.eu/InstrumentsKeywords/5326	Pututu	Spinster
20585538	2975	http://www.mimo-db.eu/InstrumentsKeywords/2975	Saron panerus	Wittylama
20948948	4643	http://www.mimo-db.eu/InstrumentsKeywords/4643	Askomandoura	Uomovariabile
21056588	3947	http://www.mimo-db.eu/InstrumentsKeywords/3947	Fluier	Spinster
21517123	2517	http://www.mimo-db.eu/InstrumentsKeywords/2517	Bronze drum	Spinster
21607265	3060	http://www.mimo-db.eu/InstrumentsKeywords/3060	Washboard	Spinster
22329414	3584	http://www.mimo-db.eu/InstrumentsKeywords/3584	Viols	Spinster
24196576	4616	http://www.mimo-db.eu/InstrumentsKeywords/4616	Requinto	Spinster
27897593	3469	http://www.mimo-db.eu/InstrumentsKeywords/3469	Tandura	Spinster
28130219	2271	http://www.mimo-db.eu/InstrumentsKeywords/2271	Chekker	Spinster
28933634	2790	http://www.mimo-db.eu/InstrumentsKeywords/2790	Uganda drum	Wittylama
28933636	3054	http://www.mimo-db.eu/InstrumentsKeywords/3054	Kenyen	Wittylama
28944647	3791	http://www.mimo-db.eu/InstrumentsKeywords/3791	Bass sordun	Wittylama
28944896	6037	http://www.mimo-db.eu/InstrumentsKeywords/6037	Kartal	Wittylama
28944914	4857	http://www.mimo-db.eu/InstrumentsKeywords/4857	Dindimi	Wittylama
28945282	2925	http://www.mimo-db.eu/InstrumentsKeywords/2925	Kankobela	Wittylama
28949019	5511	http://www.mimo-db.eu/InstrumentsKeywords/5511	Tawak	Wittylama
29042985	4368	http://www.mimo-db.eu/InstrumentsKeywords/4368	Tenor trombone	Wikizummo
29043034	3030	http://www.mimo-db.eu/InstrumentsKeywords/3030	Legwegwe	Wikizummo
